{
    "Heroes":[
        {"name": "Adgar", "id": 1001, "priority": 100, "class": 1,
        "strong1": 1, "strong2": 2, "strong3": 3,
        "weak1": 1, "weak2": 2, "weak3":3,
        "bstrength": 20, "bconstitution": 20, "bintellect": 20, "bmentality": 20, "bdexterity": 20, "blethality": 20,
        "sstrength": 4, "sconstitution": 4, "sintellect": 4, "smentality": 4, "sdexterity": 4, "slethality": 4,
        "aoe": 5, "burst": 5, "cc": 5, "mobility": 5, "range": 5},
        {"name": "Aethell", "id": 1002, "priority": 100, "class": 5,
        "strong1": 1, "strong2": 2, "strong3": 3,
        "weak1": 1, "weak2": 2, "weak3":3,
        "bstrength": 20, "bconstitution": 20, "bintellect": 20, "bmentality": 20, "bdexterity": 20, "blethality": 20,
        "sstrength": 4, "sconstitution": 4, "sintellect": 4, "smentality": 4, "sdexterity": 4, "slethality": 4,
        "aoe": 5, "burst": 5, "cc": 5, "mobility": 5, "range": 5},
        {"name": "Aeuron", "id": 1003, "priority": 100, "class": 7,
        "strong1": 1, "strong2": 2, "strong3": 3,
        "weak1": 1, "weak2": 2, "weak3":3,
        "bstrength": 20, "bconstitution": 20, "bintellect": 20, "bmentality": 20, "bdexterity": 20, "blethality": 20,
        "sstrength": 4, "sconstitution": 4, "sintellect": 4, "smentality": 4, "sdexterity": 4, "slethality": 4,
        "aoe": 5, "burst": 5, "cc": 5, "mobility": 5, "range": 5},
        {"name": "Alferic", "id": 1004, "priority": 100, "class": 5,
        "strong1": 1, "strong2": 2, "strong3": 3,
        "weak1": 1, "weak2": 2, "weak3":3,
        "bstrength": 20, "bconstitution": 20, "bintellect": 20, "bmentality": 20, "bdexterity": 20, "blethality": 20,
        "sstrength": 4, "sconstitution": 4, "sintellect": 4, "smentality": 4, "sdexterity": 4, "slethality": 4,
        "aoe": 5, "burst": 5, "cc": 5, "mobility": 5, "range": 5},
        {"name": "Andros", "id": 1005, "priority": 100, "class": 3,
        "strong1": 1, "strong2": 2, "strong3": 3,
        "weak1": 1, "weak2": 2, "weak3":3,
        "bstrength": 20, "bconstitution": 20, "bintellect": 20, "bmentality": 20, "bdexterity": 20, "blethality": 20,
        "sstrength": 4, "sconstitution": 4, "sintellect": 4, "smentality": 4, "sdexterity": 4, "slethality": 4,
        "aoe": 5, "burst": 5, "cc": 5, "mobility": 5, "range": 5},
        {"name": "Axel", "id": 1006, "priority": 100, "class": 8,
        "strong1": 1, "strong2": 2, "strong3": 3,
        "weak1": 1, "weak2": 2, "weak3":3,
        "bstrength": 20, "bconstitution": 20, "bintellect": 20, "bmentality": 20, "bdexterity": 20, "blethality": 20,
        "sstrength": 4, "sconstitution": 4, "sintellect": 4, "smentality": 4, "sdexterity": 4, "slethality": 4,
        "aoe": 5, "burst": 5, "cc": 5, "mobility": 5, "range": 5},
        {"name": "Bael", "id": 1007, "priority": 100, "class": 7,
        "strong1": 1, "strong2": 2, "strong3": 3,
        "weak1": 1, "weak2": 2, "weak3":3,
        "bstrength": 20, "bconstitution": 20, "bintellect": 20, "bmentality": 20, "bdexterity": 20, "blethality": 20,
        "sstrength": 4, "sconstitution": 4, "sintellect": 4, "smentality": 4, "sdexterity": 4, "slethality": 4,
        "aoe": 5, "burst": 5, "cc": 5, "mobility": 5, "range": 5},
        {"name": "Bane", "id": 1008, "priority": 100, "class": 6,
        "strong1": 1, "strong2": 2, "strong3": 3,
        "weak1": 1, "weak2": 2, "weak3":3,
        "bstrength": 20, "bconstitution": 20, "bintellect": 20, "bmentality": 20, "bdexterity": 20, "blethality": 20,
        "sstrength": 4, "sconstitution": 4, "sintellect": 4, "smentality": 4, "sdexterity": 4, "slethality": 4,
        "aoe": 5, "burst": 5, "cc": 5, "mobility": 5, "range": 5},
        {"name": "Camille", "id": 1009, "priority": 100, "class": 2,
        "strong1": 1, "strong2": 2, "strong3": 3,
        "weak1": 1, "weak2": 2, "weak3":3,
        "bstrength": 20, "bconstitution": 20, "bintellect": 20, "bmentality": 20, "bdexterity": 20, "blethality": 20,
        "sstrength": 4, "sconstitution": 4, "sintellect": 4, "smentality": 4, "sdexterity": 4, "slethality": 4,
        "aoe": 5, "burst": 5, "cc": 5, "mobility": 5, "range": 5},
        {"name": "Daenwar", "id": 1010, "priority": 100, "class": 8,
        "strong1": 1, "strong2": 2, "strong3": 3,
        "weak1": 1, "weak2": 2, "weak3":3,
        "bstrength": 20, "bconstitution": 20, "bintellect": 20, "bmentality": 20, "bdexterity": 20, "blethality": 20,
        "sstrength": 4, "sconstitution": 4, "sintellect": 4, "smentality": 4, "sdexterity": 4, "slethality": 4,
        "aoe": 5, "burst": 5, "cc": 5, "mobility": 5, "range": 5},
        {"name": "Gamm", "id": 1011, "priority": 100, "class": 8,
        "strong1": 1, "strong2": 2, "strong3": 3,
        "weak1": 1, "weak2": 2, "weak3":3,
        "bstrength": 20, "bconstitution": 20, "bintellect": 20, "bmentality": 20, "bdexterity": 20, "blethality": 20,
        "sstrength": 4, "sconstitution": 4, "sintellect": 4, "smentality": 4, "sdexterity": 4, "slethality": 4,
        "aoe": 5, "burst": 5, "cc": 5, "mobility": 5, "range": 5},
        {"name": "Keleos", "id": 1012, "priority": 100, "class": 4,
        "strong1": 1, "strong2": 2, "strong3": 3,
        "weak1": 1, "weak2": 2, "weak3":3,
        "bstrength": 20, "bconstitution": 20, "bintellect": 20, "bmentality": 20, "bdexterity": 20, "blethality": 20,
        "sstrength": 4, "sconstitution": 4, "sintellect": 4, "smentality": 4, "sdexterity": 4, "slethality": 4,
        "aoe": 5, "burst": 5, "cc": 5, "mobility": 5, "range": 5},
        {"name": "Kore", "id": 1013, "priority": 100, "class": 4,
        "strong1": 1, "strong2": 2, "strong3": 3,
        "weak1": 1, "weak2": 2, "weak3":3,
        "bstrength": 20, "bconstitution": 20, "bintellect": 20, "bmentality": 20, "bdexterity": 20, "blethality": 20,
        "sstrength": 4, "sconstitution": 4, "sintellect": 4, "smentality": 4, "sdexterity": 4, "slethality": 4,
        "aoe": 5, "burst": 5, "cc": 5, "mobility": 5, "range": 5},
        {"name": "Liele", "id": 1014, "priority": 100, "class": 9,
        "strong1": 1, "strong2": 2, "strong3": 3,
        "weak1": 1, "weak2": 2, "weak3":3,
        "bstrength": 20, "bconstitution": 20, "bintellect": 20, "bmentality": 20, "bdexterity": 20, "blethality": 20,
        "sstrength": 4, "sconstitution": 4, "sintellect": 4, "smentality": 4, "sdexterity": 4, "slethality": 4,
        "aoe": 5, "burst": 5, "cc": 5, "mobility": 5, "range": 5},
        {"name": "Lilian", "id": 1015, "priority": 100, "class": 1,
        "strong1": 1, "strong2": 2, "strong3": 3,
        "weak1": 1, "weak2": 2, "weak3":3,
        "bstrength": 20, "bconstitution": 20, "bintellect": 20, "bmentality": 20, "bdexterity": 20, "blethality": 20,
        "sstrength": 4, "sconstitution": 4, "sintellect": 4, "smentality": 4, "sdexterity": 4, "slethality": 4,
        "aoe": 5, "burst": 5, "cc": 5, "mobility": 5, "range": 5},
        {"name": "Lisa", "id": 1016, "priority": 100, "class": 3,
        "strong1": 1, "strong2": 2, "strong3": 3,
        "weak1": 1, "weak2": 2, "weak3":3,
        "bstrength": 20, "bconstitution": 20, "bintellect": 20, "bmentality": 20, "bdexterity": 20, "blethality": 20,
        "sstrength": 4, "sconstitution": 4, "sintellect": 4, "smentality": 4, "sdexterity": 4, "slethality": 4,
        "aoe": 5, "burst": 5, "cc": 5, "mobility": 5, "range": 5},
        {"name": "Luke", "id": 1017, "priority": 100, "class": 6,
        "strong1": 1, "strong2": 2, "strong3": 3,
        "weak1": 1, "weak2": 2, "weak3":3,
        "bstrength": 20, "bconstitution": 20, "bintellect": 20, "bmentality": 20, "bdexterity": 20, "blethality": 20,
        "sstrength": 4, "sconstitution": 4, "sintellect": 4, "smentality": 4, "sdexterity": 4, "slethality": 4,
        "aoe": 5, "burst": 5, "cc": 5, "mobility": 5, "range": 5},
        {"name": "Maureen", "id": 1018, "priority": 100, "class": 1,
        "strong1": 1, "strong2": 2, "strong3": 3,
        "weak1": 1, "weak2": 2, "weak3":3,
        "bstrength": 20, "bconstitution": 20, "bintellect": 20, "bmentality": 20, "bdexterity": 20, "blethality": 20,
        "sstrength": 4, "sconstitution": 4, "sintellect": 4, "smentality": 4, "sdexterity": 4, "slethality": 4,
        "aoe": 5, "burst": 5, "cc": 5, "mobility": 5, "range": 5},
        {"name": "Olivia", "id": 1019, "priority": 100, "class": 2,
        "strong1": 1, "strong2": 2, "strong3": 3,
        "weak1": 1, "weak2": 2, "weak3":3,
        "bstrength": 20, "bconstitution": 20, "bintellect": 20, "bmentality": 20, "bdexterity": 20, "blethality": 20,
        "sstrength": 4, "sconstitution": 4, "sintellect": 4, "smentality": 4, "sdexterity": 4, "slethality": 4,
        "aoe": 5, "burst": 5, "cc": 5, "mobility": 5, "range": 5},
        {"name": "Othello", "id": 1020, "priority": 100, "class": 5,
        "strong1": 1, "strong2": 2, "strong3": 3,
        "weak1": 1, "weak2": 2, "weak3":3,
        "bstrength": 20, "bconstitution": 20, "bintellect": 20, "bmentality": 20, "bdexterity": 20, "blethality": 20,
        "sstrength": 4, "sconstitution": 4, "sintellect": 4, "smentality": 4, "sdexterity": 4, "slethality": 4,
        "aoe": 5, "burst": 5, "cc": 5, "mobility": 5, "range": 5},
        {"name": "Persefone", "id": 1021, "priority": 100, "class": 4,
        "strong1": 1, "strong2": 2, "strong3": 3,
        "weak1": 1, "weak2": 2, "weak3":3,
        "bstrength": 20, "bconstitution": 20, "bintellect": 20, "bmentality": 20, "bdexterity": 20, "blethality": 20,
        "sstrength": 4, "sconstitution": 4, "sintellect": 4, "smentality": 4, "sdexterity": 4, "slethality": 4,
        "aoe": 5, "burst": 5, "cc": 5, "mobility": 5, "range": 5},
        {"name": "Raesen", "id": 1022, "priority": 100, "class": 9,
        "strong1": 1, "strong2": 2, "strong3": 3,
        "weak1": 1, "weak2": 2, "weak3":3,
        "bstrength": 20, "bconstitution": 20, "bintellect": 20, "bmentality": 20, "bdexterity": 20, "blethality": 20,
        "sstrength": 4, "sconstitution": 4, "sintellect": 4, "smentality": 4, "sdexterity": 4, "slethality": 4,
        "aoe": 5, "burst": 5, "cc": 5, "mobility": 5, "range": 5},
        {"name": "Ragen", "id": 1023, "priority": 100, "class": 1,
        "strong1": 1, "strong2": 2, "strong3": 3,
        "weak1": 1, "weak2": 2, "weak3":3,
        "bstrength": 20, "bconstitution": 20, "bintellect": 20, "bmentality": 20, "bdexterity": 20, "blethality": 20,
        "sstrength": 4, "sconstitution": 4, "sintellect": 4, "smentality": 4, "sdexterity": 4, "slethality": 4,
        "aoe": 5, "burst": 5, "cc": 5, "mobility": 5, "range": 5},
        {"name": "Raphael", "id": 1024, "priority": 100, "class": 5,
        "strong1": 1, "strong2": 2, "strong3": 3,
        "weak1": 1, "weak2": 2, "weak3":3,
        "bstrength": 20, "bconstitution": 20, "bintellect": 20, "bmentality": 20, "bdexterity": 20, "blethality": 20,
        "sstrength": 4, "sconstitution": 4, "sintellect": 4, "smentality": 4, "sdexterity": 4, "slethality": 4,
        "aoe": 5, "burst": 5, "cc": 5, "mobility": 5, "range": 5},
        {"name": "Skath", "id": 1025, "priority": 100, "class": 5,
        "strong1": 1, "strong2": 2, "strong3": 3,
        "weak1": 1, "weak2": 2, "weak3":3,
        "bstrength": 20, "bconstitution": 20, "bintellect": 20, "bmentality": 20, "bdexterity": 20, "blethality": 20,
        "sstrength": 4, "sconstitution": 4, "sintellect": 4, "smentality": 4, "sdexterity": 4, "slethality": 4,
        "aoe": 5, "burst": 5, "cc": 5, "mobility": 5, "range": 5}
    ]
}