{
    "Colors" :[
       {"key": "primary", "r": 255, "g": 201, "b": 20, "a": 255},
       {"key": "contrast", "r": 42, "g": 42, "b": 42, "a":255},
       {"key": "neutral", "r": 192, "g": 192, "b": 192, "a":255},
       {"key": "reduced", "r": 79, "g": 79, "b": 79, "a":255},
       {"key": "error", "r": 184, "g": 29, "b": 56, "a":255},
       {"key": "success", "r": 46, "g": 187, "b": 38, "a":255},
       {"key": "disabled", "r": 112, "g": 112, "b": 112, "a":255},
       {"key": "interactive", "r": 65, "g": 211, "b": 189, "a":255},
       {"key": "hovered", "r": 122, "g": 224, "b": 209, "a":255},
       {"key": "pressed", "r": 30, "g": 130, "b": 115, "a":255},
       {"key": "dark", "r": 46, "g": 40, "b": 42, "a":255},
       {"key": "light", "r": 234, "g": 234, "b": 234, "a":255}
    ],
    "Fonts":[
        {"key": "default", "path": "Fonts/Oxygen/Oxygen-Regular.ttf"},
        {"key": "bold", "path": "Fonts/Oxygen/Oxygen-Bold.ttf"},
        {"key": "light", "path": "Fonts/Oxygen/Oxygen-Light.ttf"}
    ]
}