{
    "supported_keys":[    
      {"key":"A", "id": 4},
      {"key":"B", "id": 5},
      {"key":"C", "id": 6},
      {"key":"D", "id": 7},
      {"key":"E", "id": 8},
      {"key":"F", "id": 9},
      {"key":"G", "id": 10},
      {"key":"H", "id": 11},
      {"key":"I", "id": 12},
      {"key":"J", "id": 13},
      {"key":"K", "id": 14},
      {"key":"L", "id": 15},
      {"key":"M", "id": 16},
      {"key":"N", "id": 17},
      {"key":"O", "id": 18},
      {"key":"P", "id": 19},
      {"key":"Q", "id": 20},
      {"key":"R", "id": 21},
      {"key":"S", "id": 22},
      {"key":"T", "id": 23},
      {"key":"U", "id": 24},
      {"key":"V", "id": 25},
      {"key":"W", "id": 26},
      {"key":"X", "id": 27},
      {"key":"Y", "id": 28},
      {"key":"Z", "id": 29},
      {"key":"1", "id": 30},
      {"key":"2", "id": 31},
      {"key":"3", "id": 32},
      {"key":"4", "id": 33},
      {"key":"5", "id": 34},
      {"key":"6", "id": 35},
      {"key":"7", "id": 36},
      {"key":"8", "id": 37},
      {"key":"9", "id": 38},
      {"key":"0", "id": 39},
      {"key":"RETURN", "id": 40},
      {"key":"ESCAPE", "id": 41},
      {"key":"BACKSPACE", "id": 42},
      {"key":"TAB", "id": 43},
      {"key":"SPACE", "id": 44},
      {"key":"MINUS", "id": 45},
      {"key":"EQUALS", "id": 46},
      {"key":"LEFTBRACKET", "id": 47},
      {"key":"RIGHTBRACKET", "id": 48},
      {"key":"BACKSLASH", "id": 49},
      {"key":"MONUSHASH", "id": 50},
      {"key":"SEMICOLON", "id": 51},
      {"key":"APOSTROPHE", "id": 52},
      {"key":"GRAVE", "id": 53},
      {"key":"COMMA", "id": 54},
      {"key":"PERIOD", "id": 55},
      {"key":"SLASH", "id": 56},
      {"key":"CAPSLOCK", "id": 57},
      {"key":"F1", "id": 58},
      {"key":"F2", "id": 59},
      {"key":"F3", "id": 60},
      {"key":"F4", "id": 61},
      {"key":"F5", "id": 62},
      {"key":"F6", "id": 63},
      {"key":"F7", "id": 64},
      {"key":"F8", "id": 65},
      {"key":"F9", "id": 66},
      {"key":"F10", "id": 67},
      {"key":"F11", "id": 68},
      {"key":"F12", "id": 69},
      {"key":"PRINTSCREEN", "id": 70},
      {"key":"SCROLLLOCK", "id": 71},
      {"key":"PAUSE", "id": 72},
      {"key":"INSERT", "id": 73},
      {"key":"HOME", "id": 74},
      {"key":"PAGEUP", "id": 75},
      {"key":"DELETE", "id": 76},
      {"key":"END", "id": 77},
      {"key":"PAGEDOWN", "id": 78},
      {"key":"RIGHT", "id": 79},
      {"key":"LEFT", "id": 80},
      {"key":"DOWN", "id": 81},
      {"key":"UP", "id": 82},
      {"key":"NUMLOCKCLEAR", "id": 83},
      {"key":"KP_DIVIDE", "id": 84},
      {"key":"KP_MULTIPLY", "id": 85},
      {"key":"KP_MINUS", "id": 86},
      {"key":"KP_PLUS", "id": 87},
      {"key":"KP_ENTER", "id": 88},
      {"key":"KP_1", "id": 89},
      {"key":"KP_2", "id": 90},
      {"key":"KP_3", "id": 91},
      {"key":"KP_4", "id": 92},
      {"key":"KP_5", "id": 93},
      {"key":"KP_6", "id": 94},
      {"key":"KP_7", "id": 95},
      {"key":"KP_8", "id": 96},
      {"key":"KP_9", "id": 97},
      {"key":"KP_0", "id": 98},
      {"key":"KP_PERIOD", "id": 99},
      {"key":"NONUSBACKSLASH", "id": 100},
      {"key":"APPLICATION", "id": 101},
      {"key":"POWER", "id": 102},
      {"key":"KP_EQUALS", "id": 103},
      {"key":"F13", "id": 104},
      {"key":"F14", "id": 105},
      {"key":"F15", "id": 106},
      {"key":"F16", "id": 107},
      {"key":"F17", "id": 108},
      {"key":"F18", "id": 109},
      {"key":"F19", "id": 110},
      {"key":"F20", "id": 111},
      {"key":"F21", "id": 112},
      {"key":"F22", "id": 113},
      {"key":"F23", "id": 114},
      {"key":"F24", "id": 115},
      {"key":"EXECUTE", "id": 116},
      {"key":"HELP", "id": 117},
      {"key":"MENU", "id": 118},
      {"key":"SELECT", "id": 119},
      {"key":"STOP", "id": 120},
      {"key":"AGAIN", "id": 121},
      {"key":"UNDO", "id": 122},
      {"key":"CUT", "id": 123},
      {"key":"COPY", "id": 124},
      {"key":"PASTE", "id": 125},
      {"key":"FIND", "id": 126},
      {"key":"MUTE", "id": 127},
      {"key":"VOLUMEUP", "id": 128},
      {"key":"VOLUMEDOWN", "id": 129},
      {"key":"KP_COMMA", "id": 133},
      {"key":"KP_EQUALSAS400", "id": 134},
      {"key":"INTERNATIONAL1", "id": 135},
      {"key":"INTERNATIONAL2", "id": 136},
      {"key":"INTERNATIONAL3", "id": 137},
      {"key":"INTERNATIONAL4", "id": 138},
      {"key":"INTERNATIONAL5", "id": 139},
      {"key":"INTERNATIONAL6", "id": 140},
      {"key":"INTERNATIONAL7", "id": 141},
      {"key":"INTERNATIONAL8", "id": 142},
      {"key":"INTERNATIONAL9", "id": 143},
      {"key":"LANG1", "id": 144},
      {"key":"LANG2", "id": 145},
      {"key":"LANG3", "id": 146},
      {"key":"LANG4", "id": 147},
      {"key":"LANG5", "id": 148},
      {"key":"LANG6", "id": 149},
      {"key":"LANG7", "id": 150},
      {"key":"LANG8", "id": 151},
      {"key":"LANG9", "id": 152},
      {"key":"ALTERASE", "id": 153},
      {"key":"SYSREQ", "id": 154},
      {"key":"CANCEL", "id": 155},
      {"key":"CLEAR", "id": 156},
      {"key":"PRIOR", "id": 157},
      {"key":"RETURN2", "id": 158},
      {"key":"SEPARATOR", "id": 159},
      {"key":"OUT", "id": 160},
      {"key":"OPER", "id": 161},
      {"key":"CLEARAGAIN", "id": 162},
      {"key":"CRSEL", "id": 163},
      {"key":"EXSEL", "id": 164},
      {"key":"KP_00", "id": 176},
      {"key":"KP_000", "id": 177},
      {"key":"THOUSANDSSEPARATOR", "id": 178},
      {"key":"DECIMALSEPARATOR", "id": 179},
      {"key":"CURRENCYUNIT", "id": 180},
      {"key":"CURRENCYSUBUNIT", "id": 181},
      {"key":"KP_LEFTPAREN", "id": 182},
      {"key":"KP_RIGHTPAREN", "id": 183},
      {"key":"KP_LEFTBRACE", "id": 184},
      {"key":"KP_RIGHTBRACE", "id": 185},
      {"key":"KP_TAB", "id": 186},
      {"key":"KP_BACKSPACE", "id": 187},
      {"key":"KP_A", "id": 188},
      {"key":"KP_B", "id": 189},
      {"key":"KP_C", "id": 190},
      {"key":"KP_D", "id": 191},
      {"key":"KP_E", "id": 192},
      {"key":"KP_F", "id": 193},
      {"key":"KP_XOR", "id": 194},
      {"key":"KP_POWER", "id": 195},
      {"key":"KP_PERCENT", "id": 196},
      {"key":"KP_LESS", "id": 197},
      {"key":"KP_GREATER", "id": 198},
      {"key":"KP_DBLAMPERSAND", "id": 200},
      {"key":"KP_VERTICALBAR", "id": 201},
      {"key":"KP_DBLVERTICALBAR", "id": 202},
      {"key":"KP_COLON", "id": 203},
      {"key":"KP_HASH", "id": 204},
      {"key":"KP_SPACE", "id": 205},
      {"key":"KP_AT", "id": 206},
      {"key":"KP_EXCLAM", "id": 207},
      {"key":"KP_MEMSTORE", "id": 208},
      {"key":"KP_MEMRECALL", "id": 209},
      {"key":"KP_MEMCLEAR", "id": 210},
      {"key":"KP_MEMADD", "id": 211},
      {"key":"KP_MEMSUBTRACT", "id": 212},
      {"key":"KP_MEMMULTIPLY", "id": 213},
      {"key":"KP_MEMDIVIDE", "id": 214},
      {"key":"KP_PLUSMINUS", "id": 215},
      {"key":"KP_CLEAR", "id": 216},
      {"key":"KP_CLEARENTRY", "id": 217},
      {"key":"KP_BINARY", "id": 218},
      {"key":"KP_OCTAL", "id": 219},
      {"key":"KP_DECIMAL", "id": 220},
      {"key":"KP_HEXADECIMAL", "id": 221},
      {"key":"LCTRL", "id": 224},
      {"key":"LSHIFT", "id": 225},
      {"key":"LALT", "id": 226},
      {"key":"LGUI", "id": 227},
      {"key":"RCTRL", "id": 228},
      {"key":"RSHIFT", "id": 229},
      {"key":"RALT", "id": 230},
      {"key":"RGUI", "id": 231},
      {"key":"MODE", "id": 257},
      {"key":"AUDIONEXT", "id": 258},
      {"key":"AUDIOPREV", "id": 259},
      {"key":"AUDIOSTOP", "id": 260},
      {"key":"AUDIOPLAY", "id": 261},
      {"key":"AUDIOMUTE", "id": 262},
      {"key":"MEDIASELECT", "id": 263},
      {"key":"WWW", "id": 264},
      {"key":"MAIL", "id": 265},
      {"key":"CALCULATOR", "id": 266},
      {"key":"COMPUTER", "id": 267},
      {"key":"RALT", "id": 268},
      {"key":"RALT", "id": 269},
      {"key":"RALT", "id": 270},
      {"key":"BRIGHTNESSDOWN", "id": 275},
      {"key":"BRIGHTNESSUP", "id": 276}
    ]
}

